<?xml version="1.0" encoding="UTF-8"?>
<beans:beans xmlns:mvc="http://www.springframework.org/schema/mvc"
	xmlns:xsi="http://www.w3.org/2001/XMLSchema-instance"
	xmlns:beans="http://www.springframework.org/schema/beans"
	xmlns:context="http://www.springframework.org/schema/context"
	xsi:schemaLocation="http://www.springframework.org/schema/mvc https://www.springframework.org/schema/mvc/spring-mvc.xsd
		http://www.springframework.org/schema/beans https://www.springframework.org/schema/beans/spring-beans.xsd
		http://www.springframework.org/schema/context https://www.springframework.org/schema/context/spring-context.xsd">

	<!-- DispatcherServlet Context: defines this servlet's request-processing infrastructure -->
	
	<!-- Enables the Spring MVC @Controller programming model -->
	<mvc:annotation-driven validator="globalValidator"/>
	
	<beans:bean id = "globalValidator" class="com.fastcampus.ch2.GlobalValidator"/>

	<!-- Handles HTTP GET requests for /resources/** by efficiently serving up static resources in the ${webappRoot}/resources directory -->
	<mvc:resources mapping="/**" location="/resources/" />

	<!-- Resolves views selected for rendering by @Controllers to .jsp resources in the /WEB-INF/views directory -->
	<beans:bean class="org.springframework.web.servlet.view.InternalResourceViewResolver">
		<beans:property name="prefix" value="/WEB-INF/views/" />
		<beans:property name="suffix" value=".jsp" />
	</beans:bean>
	
	<!--단순 뷰만 보여줄 때 사용, GET만 처리가능 -->
	<mvc:view-controller path="/register/add" view-name="registerForm"/>
	
	<context:component-scan base-package="com.fastcampus.ch2" />
	
	<beans:bean class="org.springframework.web.servlet.handler.SimpleMappingExceptionResolver">
		<beans:property name="defaultErrorView" value="error"/>
    		<beans:property name="exceptionMappings">
      			<beans:props>
        			<beans:prop key="com.fastcampus.ch2.MyException">error400</beans:prop>
      			</beans:props>
    		</beans:property>
		<beans:property name="statusCodes">
			<beans:props>
        			<beans:prop key="error400">400</beans:prop>
			</beans:props>
		</beans:property>
  	</beans:bean>

	<beans:bean id="messageSource" class="org.springframework.context.support.ResourceBundleMessageSource">
		<beans:property name="basenames">
			<beans:list>
				<beans:value>error_message</beans:value> <!-- /src/main/resources/error_message.properties -->
			</beans:list>
		</beans:property>
		<beans:property name="defaultEncoding" value="UTF-8"/>
	</beans:bean>
</beans:beans>
